S1,S2,S3,S4,S5,S6,S7
3.1162,-0.0665,-2.4160,3.7758,1.9027,4.1158,-3.1304
3.4269,0.7749,-3.6349,-6.1464,0.2859,2.9060,2.9747
6.9284,-0.0630,-1.5621,1.0264,0.3951,-4.7086,2.7063
4.9993,-0.0635,-2.3642,2.0317,-0.1224,-4.2465,3.1631
4.6490,1.5065,-4.4584,-4.0930,2.1428,3.2219,2.6487
3.0095,1.0902,-1.3443,0.3025,-0.3883,3.1471,-3.0293
3.5966,-0.7365,-2.9754,-1.9778,1.3171,3.6443,2.9858
3.2126,-0.9918,-4.0750,1.9175,-1.8162,-1.6105,0.6002
1.7535,-3.4182,-3.2559,2.1163,-0.8337,-1.3798,1.8338
2.9113,1.2362,-4.0182,-4.7223,0.5264,4.0538,3.6312
4.4698,0.8700,-2.4953,-2.2463,0.4666,2.1691,2.0839
1.4006,-1.4198,-2.9982,-2.8455,-2.7389,2.1814,3.6009
0.2565,0.7254,-2.2480,-5.0888,-0.1419,1.5318,3.6029
-1.3839,-0.0651,-0.5748,-1.8459,1.4299,0.0674,3.8047
2.4580,1.2280,-5.1256,4.7000,-0.5837,3.6977,-1.9607
2.4566,2.0720,-4.5534,4.0347,0.2265,-2.4374,2.6154
3.5943,-0.0420,-3.4700,1.7980,0.1183,4.7271,-1.5930
2.8488,0.1008,-2.6855,-3.2811,1.3677,2.8496,2.9792
-0.7801,1.2881,-1.9632,3.0463,-0.9286,-0.5610,2.9744
2.9955,0.3761,-3.7989,3.7181,0.3327,3.6101,-1.9036
4.3911,-2.3032,-3.4383,-2.6071,0.0599,3.9404,2.8141
6.7179,0.0465,5.5316,4.3008,-1.0054,-4.7093,-6.0051
7.1164,0.0341,-4.3365,-4.1888,-0.3010,3.9710,1.4780
5.4646,-0.7660,-2.9711,-4.0435,0.6990,2.5284,1.7489
1.5740,-2.2246,-1.9548,-1.7097,0.8149,2.7595,3.4747
2.7899,0.9214,-2.7375,2.5971,-0.1908,0.6016,-4.0195
0.4044,0.1038,-3.5223,-1.1285,-0.4282,2.6502,4.2606
5.4901,1.0566,-4.1588,2.0984,1.6378,-3.3874,2.0018
3.8801,0.5508,-1.9740,2.0394,-0.0668,2.9360,-3.5152
3.5061,-2.5239,-3.0470,-2.8412,0.2007,2.4726,2.5740
4.2683,0.1326,-0.5014,3.9565,-0.8529,4.3145,-3.5959
4.9198,0.4182,-4.1491,-3.0551,0.1365,2.3421,2.1755
4.8403,0.0328,-2.2537,-5.7246,-2.1981,2.2978,1.4986
3.0896,0.3702,-2.4134,-3.9792,0.6753,2.6971,2.7191
2.6698,0.2789,-2.7986,-5.7605,0.0468,4.2507,3.1279
2.3365,-0.3688,-2.6717,-0.5067,-2.7832,2.1536,3.1861
1.7076,-1.1728,-1.8549,3.6238,-1.2518,-3.5978,4.7060
2.6046,-0.3591,-1.6651,3.9706,1.3594,3.4774,-4.7490
3.4288,0.6957,-3.7915,3.4865,0.9073,-2.7460,2.2447
1.1943,0.1929,-2.2549,-2.5238,0.1548,0.5991,3.0381
4.7396,1.3534,-2.4533,-2.7168,-0.1169,3.0589,2.0478
2.1602,-1.7667,-1.1374,-2.1321,-1.4057,0.6743,2.4996
0.8660,-0.1334,-2.1422,-1.8619,-0.7432,2.6672,3.8416
1.9089,-0.9987,-1.0932,1.7597,-0.2204,3.6479,-4.4440
3.7324,0.7238,-2.6664,3.9114,-0.0220,-4.7458,4.6413
3.1414,-1.9490,-0.9122,4.1457,0.1123,2.0595,-4.0894
3.2234,0.1994,-1.7951,0.1649,0.2964,1.2695,2.3197
2.3417,-0.1666,-5.0963,4.9249,0.7525,-2.1255,2.5891
3.8385,0.0655,-2.6846,-4.0609,0.8698,1.2424,1.9186
2.9422,-1.1245,-1.9305,0.7338,0.2037,3.2707,-3.7788
3.8604,0.2178,-2.1043,4.6716,-1.2452,3.6526,-3.6412
3.1554,-0.8852,-4.9251,0.3336,-0.7915,3.3234,-1.4940
2.8485,-2.2368,-1.6758,1.9606,-0.6124,3.4054,-3.9924
0.5037,0.1651,-2.8380,-5.5697,-0.1932,4.2774,4.1950
2.0586,0.2357,-2.9362,-4.9905,-1.2427,5.0008,3.9064
4.8030,-1.7251,4.1013,2.5007,1.8458,-1.7366,-3.5215
2.4231,-0.9755,-1.8324,2.3000,-0.0793,-2.6807,3.1785
4.5375,-0.4703,3.3466,4.0213,0.4309,-2.4166,-6.0428
0.1071,-0.1083,0.0517,4.4330,-1.5060,-1.5488,-3.0603
1.0883,-1.3447,-1.2651,2.1190,1.3080,-1.2822,2.3910
4.9051,0.9971,-1.4014,-4.8662,0.3154,2.6534,1.6099
3.1032,-1.3232,-3.2062,-4.4364,-1.1267,2.4744,2.9578
2.6560,-1.0013,-1.7763,-2.9478,0.3458,3.1257,2.8253
2.7131,0.2487,-2.7784,-2.5737,-0.0107,3.0204,3.1312
5.5733,0.8506,-3.0340,4.1574,0.1650,-5.2227,4.4284
1.6514,0.7521,-5.1900,3.0572,0.3746,5.2765,-1.0774
1.3237,-0.7851,-2.1944,3.8349,-0.1162,-3.6529,4.2720
3.0377,-0.0281,-3.7983,-3.9183,-0.1963,3.8932,3.2909
3.1939,-0.3321,-3.5060,-3.7482,-1.3096,2.9263,3.1769
3.2370,1.8681,-2.4069,-3.1740,0.2840,2.7409,2.6052
4.3180,-0.1885,-2.5851,1.2508,-0.6158,3.7563,-2.5191
2.4047,-0.3462,-1.6976,-2.5592,-0.9466,1.0486,2.6407
0.7417,0.6981,-0.7807,-3.9760,2.1759,0.3103,3.0378
2.1807,-0.4895,-3.6250,-1.6914,-0.4432,3.3938,3.6614
1.6491,-2.1023,-5.1758,3.6775,-1.1668,2.1142,-2.1750
0.3505,-0.0952,-4.8227,4.6516,0.7358,-0.2599,2.1956
2.3582,0.2196,-0.4370,-3.2264,1.9650,-0.6038,2.1461
-0.9009,-1.4659,-2.7225,4.3183,0.6675,-1.3017,4.1481
4.3706,0.0765,-2.9211,-2.6370,1.3022,3.3285,2.5509
1.2394,-0.5895,2.3243,1.2216,-0.4144,-3.9803,-2.7555
1.7349,-1.9701,-3.3611,3.8034,-1.0263,-2.7191,3.3888
4.8609,-0.4759,-0.2266,2.1303,-0.7047,1.5712,-4.9682
3.8572,-0.6107,-3.3584,-3.7391,0.0679,2.2720,2.7487
2.2323,1.2157,-2.9830,4.5389,-1.2167,4.0218,-2.8845
2.0392,0.9334,-2.0091,-3.7183,0.6553,1.7933,3.1077
0.2870,1.6972,-3.1790,-3.6761,-0.0931,3.1772,3.9802
5.3787,-0.0866,5.1551,2.6896,-0.4014,-4.1542,-3.8701
1.4546,-1.3649,-1.8866,-2.8978,0.3513,2.1014,3.3750
3.4728,-1.5445,3.2911,1.1208,0.4255,-0.7001,-0.1226
2.2553,-1.8117,-1.0194,-5.2128,0.0356,1.0649,2.2847
6.2081,0.5328,-4.2118,2.4499,-0.1761,-3.9664,1.8860
0.3262,0.4630,-2.4791,2.3536,0.4608,-1.0265,2.1299
2.4083,0.5621,-5.2365,5.7432,0.7524,1.7473,-2.2866
3.8727,-0.3771,-0.9846,1.4831,-0.7410,-2.9420,2.5849
3.0627,2.3628,-1.9202,3.1698,1.3474,1.2193,-4.4834
1.4589,1.9091,-3.8371,3.0917,-2.1003,-2.5014,2.8072
6.3078,-0.4350,-4.0672,-4.0186,-0.6240,3.2930,1.9235
3.4652,0.3564,-2.9667,3.4777,0.1227,-3.2870,3.2376
2.2363,-0.6563,-1.4642,4.4905,1.7496,2.9429,-4.6016
2.2693,0.7752,-4.5673,3.3509,0.2077,-2.0570,2.7980
3.3813,0.5188,-3.1689,-2.6004,-0.5567,4.4828,3.1932
5.5184,1.5962,-2.9198,1.0518,-0.9120,2.0789,2.0360
3.2713,0.5504,-1.1191,4.6350,0.0156,2.4706,-4.2118
3.5495,0.6876,-4.3442,-0.3703,-0.9201,3.8285,3.2901
2.3140,-0.1659,-5.0345,-4.5658,0.3060,5.5716,4.2741
2.5036,1.6539,-2.7259,-4.1462,1.4644,3.7222,3.3040
3.6386,0.9247,2.8752,5.8231,-0.4722,-3.8797,-4.5945
2.1236,-0.1415,1.9125,5.1874,1.2625,-2.9255,-4.7761
2.8989,-1.2536,-2.8959,-4.1276,-1.9472,3.3419,2.8553
2.3198,-0.4669,-3.6223,0.9398,1.0127,2.6468,-2.2988
3.5913,-1.2627,-3.6862,-2.8472,-0.0348,3.5627,3.1416
3.1343,-1.6035,-4.2415,-1.7321,0.3283,2.7149,3.1840
1.9071,0.4994,2.9443,0.6490,-1.4101,-3.2883,-3.1102
5.0822,-0.2220,-2.8488,1.8988,-2.2165,-4.2877,2.9186
3.6188,0.9281,-2.5035,-2.1680,0.5033,2.1551,2.4772
3.7299,1.5576,-1.6375,1.3212,-1.0860,-3.1173,2.5953
3.6749,-0.2748,-4.4261,-2.4421,-1.0086,4.0011,3.1522
4.1691,-0.7882,-3.7732,3.7100,-1.3188,-4.1769,3.3980
4.8366,0.7883,-3.6885,-3.5090,0.8748,5.8361,2.9428
2.8912,0.6279,3.6123,1.5538,-0.9781,-4.0509,-4.5515
3.2352,1.6477,-1.4931,1.8299,-0.7313,5.2124,-3.0253
3.3260,0.2402,-4.3686,1.5839,0.3763,4.1393,-1.3649
7.0006,0.6169,-4.3833,-1.9625,-0.0880,4.4351,1.7867
3.5061,0.9785,-3.6145,2.4475,-0.4684,1.5231,-3.0009
2.4270,1.3551,-2.5252,1.6899,1.4858,3.0834,-3.4377
2.3926,-1.6378,-2.7187,2.7327,-1.2831,1.9784,-3.5304
3.9131,-0.1927,-2.1025,4.4699,0.8174,2.0392,-4.0270
3.8519,-0.3659,-3.8786,-3.1505,-0.3610,4.3463,3.0756
3.5612,0.4653,-0.8946,3.7001,-1.5344,3.0045,-4.0430
3.1870,0.2219,-3.5247,4.5394,-2.3996,2.3900,-2.0363
2.9628,-1.2035,-1.8341,-1.0777,1.0271,1.2281,2.3429
3.9905,-0.0938,-3.6661,-2.3646,0.2837,3.3076,2.8035
0.7496,1.5685,-1.7556,-3.6360,0.5171,3.4901,3.8686
2.9270,-0.2047,-2.1334,3.6001,0.4791,4.2758,-3.8660
2.6831,0.8355,-1.6266,1.7487,0.3700,-2.2849,2.5200
2.4284,-0.3109,-4.7416,0.1937,0.0339,3.7299,-1.3830
2.2630,0.8427,-2.2650,1.1566,-0.0634,-1.9731,1.9861
3.5642,0.9309,-4.4680,3.5358,1.5059,-2.5923,2.4861
4.1236,-0.7978,-2.7903,-5.9202,0.9365,2.2259,2.2804
4.0836,0.3140,-2.5576,-3.4798,-1.7072,2.1202,2.1814
2.9272,-0.6558,-1.0354,-3.2357,-0.2689,0.5274,1.8826
2.4681,-1.0638,-4.3264,2.8966,-0.4670,1.5877,-2.6957
0.8247,1.0836,-3.3175,1.4442,0.4474,3.0812,-3.4690
2.6479,-0.8548,2.4005,2.8691,1.4543,-0.9133,-2.0843
0.9757,1.2788,-2.6175,-2.4821,-0.6175,3.1166,3.9693
4.2282,1.0135,-5.6766,5.3482,0.2539,-3.5580,3.4824
2.9900,-0.5329,-2.9346,-4.8013,-0.3272,2.6636,2.8360
2.0151,1.3371,2.2769,2.2848,0.6269,-2.8118,-4.5963
2.9645,1.1626,-3.3783,2.5654,0.3904,2.9708,-3.3391
2.4855,-0.5330,-3.4067,3.5311,0.2776,-3.4635,3.7305
3.6615,-0.2811,-2.2956,-2.3394,0.8768,2.3251,2.1095
1.5834,1.3908,-2.4268,-4.8010,2.5620,2.7337,3.4174
2.2547,0.4735,-2.8218,1.4539,-0.8807,2.5525,-3.4811
4.5981,0.0868,-1.9680,6.2422,-0.1568,2.2042,-2.5657
0.6913,0.7415,-4.2887,-1.3265,0.3732,4.5025,4.5743
3.5712,-0.8577,-2.4027,0.3844,-1.5235,-2.0353,0.8548
2.5847,-1.6017,-2.6311,-1.7080,1.9567,2.5203,2.8377
4.8760,-0.5110,-2.0703,1.5407,0.4735,-3.8544,2.6301
4.0785,0.7625,-4.0733,6.0953,0.1516,0.9259,-2.9326
0.6168,0.7500,-1.9254,-3.5264,1.3726,1.4115,3.4041
1.4166,-0.9689,-1.9928,2.3770,1.8409,2.8310,-4.8920
2.8029,0.6127,-2.6911,2.0524,0.0285,2.7882,-2.8215
2.2208,0.6198,-1.8304,-3.6575,-0.9183,2.3312,2.8010
3.8586,-0.3383,-1.2599,2.5742,-0.6940,-4.2305,3.7310
2.8889,-1.3540,-3.8963,-6.2450,0.0864,2.7855,3.0229
4.4938,-0.5785,3.3777,3.2483,-1.5016,-0.7197,-1.7655
4.0523,0.8168,-3.8697,-3.6027,0.5997,2.6690,2.4759
2.7334,0.2076,-3.8266,-2.5406,1.5444,5.2705,3.7484
3.8529,-1.1089,-2.4180,-2.7792,0.9933,2.1279,2.4886
2.3829,-0.4336,-3.4905,3.2508,0.4507,2.2364,-2.9055
0.9934,-1.4317,-0.3773,-2.0847,0.9084,1.1079,2.7925
3.4805,-0.4691,-0.4082,-3.9941,0.3616,1.5468,1.6070
2.6543,0.0616,-3.6678,-3.9446,-1.8110,3.9370,3.3242
2.8869,0.3042,-2.4891,-2.8411,0.9413,2.2369,2.8705
2.5777,-0.3835,-4.2478,3.4333,-0.0858,5.4387,-1.4146
3.5863,-0.7720,-0.8914,-3.9243,-0.9102,1.7273,1.6328
3.1123,2.2015,-6.2503,4.0443,0.5231,2.1860,-1.0200
2.9385,1.0431,-2.8268,2.5009,-0.5080,-2.6071,2.2847
3.6573,0.7274,-3.0706,1.2645,-1.4712,3.7069,-2.1242
1.8071,0.2532,-1.5991,4.4669,0.7923,2.0033,-4.6914
3.5667,-0.9040,-2.2304,-2.5561,-0.6641,1.4254,2.4502
3.3845,-0.2066,-0.9076,1.1093,-0.3663,2.5162,-3.9546
3.0504,-0.6697,-3.4578,-3.3224,-0.3036,4.5770,3.2654
2.2750,-0.4790,-3.1544,-4.0878,-0.6246,1.1449,2.9720
2.5817,3.0637,-3.0886,2.1880,-0.7086,-1.7260,1.9586
3.0077,-0.9528,-0.7004,2.1938,1.2750,2.4289,-5.1240
2.9058,1.2957,-1.9394,-2.6568,-0.5045,2.9183,2.7739
-2.3281,-1.0925,-2.7482,-4.3138,-1.3471,3.4629,5.4868
4.2823,0.9569,-1.8748,-5.3639,1.4497,1.4322,1.8661
5.4032,0.7910,-3.2451,-3.3171,0.3835,3.6455,2.0379
1.6698,0.6467,-2.5308,-2.2087,-0.9997,2.7948,3.3976
2.4937,-0.0551,-2.6646,0.6642,1.4164,-0.2390,0.2396
1.4277,-0.3281,-5.3704,3.5148,0.1031,3.4794,-1.7912
2.5847,-0.5189,2.6160,2.8003,0.5039,-1.5910,-2.0931
1.9113,0.5332,-3.3667,-3.9796,0.3340,4.8681,3.9364
1.5296,-0.0798,-4.2034,3.2435,1.4918,-1.9118,2.5304
1.5883,-0.9901,-2.7449,-5.3295,0.5891,2.7267,3.3704
2.9716,-0.1777,-2.8204,3.4789,-0.0098,-3.5377,3.6674
2.0262,0.7036,0.0760,-2.8072,1.0988,0.2566,2.0684
4.4469,-1.4385,-0.9180,-1.8173,-0.4829,0.6627,1.4543
0.8138,-0.5166,-1.7553,-1.7553,-0.1197,1.5614,3.3083
2.1395,1.9147,-3.8708,-1.2757,0.6877,3.1727,3.8712
3.7553,-0.0138,-3.4348,2.5412,-0.1555,-2.7702,2.2595
-1.0441,0.9805,-1.9932,-2.1535,1.3976,1.8328,4.0951
3.3483,-1.1705,-1.3624,2.8179,-0.4625,-3.5590,3.4802
2.4608,1.0104,-2.5461,-1.0910,-0.5491,3.1340,3.3602
3.0042,1.1657,-1.9339,4.4412,0.5042,-5.0427,5.2443
3.9540,-0.1406,-1.4777,-4.9480,-1.4797,1.8307,1.7594
2.9957,0.6889,-4.4768,-3.5881,1.6169,3.1270,3.3624
4.1968,-0.5883,-3.4692,3.6643,-0.0365,-3.8580,3.6565
3.1295,-0.7125,-5.3106,4.7554,-1.4497,-3.4149,3.5570
0.8785,1.0209,-3.1533,3.0708,0.3470,-1.3495,2.3393
1.8854,-0.6700,-1.5731,-4.2181,-1.5056,1.0816,2.7275
3.1897,0.7269,-0.5408,3.6657,-0.3857,2.5559,-4.9623
2.9567,0.9160,-1.7531,-1.3874,-2.3776,1.6078,2.6257
1.8942,2.0224,-0.1220,-2.6810,-0.2899,1.5021,2.4609
1.2045,1.2922,-4.5955,1.8798,-0.3272,3.2142,-2.8145
4.4028,1.1602,-2.8426,1.4489,1.6111,-3.5018,2.3087
3.7548,-1.7439,-3.4449,4.3039,1.3032,4.1999,-2.2689
4.2243,1.2049,-3.4844,-2.3603,0.2962,3.6098,2.8049
2.8782,0.1625,-1.2821,-1.0846,-0.9214,1.3916,2.2884
3.3156,1.2063,-2.4419,-1.5728,1.0467,3.4736,2.9610
4.5538,-0.4447,-1.6990,1.5088,1.0097,-3.2792,2.3007
4.7869,0.5550,3.6054,6.0353,-1.8933,-3.8745,-5.7494
5.0190,-0.3727,-0.7012,-3.8208,-0.6439,1.9738,1.5312
3.9291,-0.4994,-1.2589,-5.9550,-1.2807,0.7926,1.4201
0.8830,-1.4079,-2.1429,-2.4255,1.1226,3.6550,4.0756
2.5280,1.6628,-1.5714,6.5244,0.0164,1.6141,-6.2568
0.2917,0.6089,-3.2346,-2.1538,-1.5198,2.8105,4.1967
2.1938,0.2449,-3.1152,-0.0436,2.2111,4.3594,-2.9359
1.8622,0.2596,-1.7585,3.5256,0.3379,-3.5841,4.2339
3.0695,0.4082,-4.3185,-2.9975,0.9893,2.8911,3.4212
3.9842,-0.3585,-2.9238,-2.3362,-1.3423,3.0114,2.6955
3.0223,-0.0519,-3.9329,-3.0921,0.2180,5.1315,3.7607
2.1832,0.8392,-2.6325,-3.3148,1.0765,1.4342,2.7697
1.0448,-0.6236,1.6366,3.7540,1.8360,-3.5100,-3.1720
3.2157,-0.4443,-2.0436,3.5368,-0.3903,3.1918,-3.3528
3.2751,2.5374,-3.6380,-2.2048,-0.9568,2.2344,2.8352
2.9220,1.2171,-3.2730,-2.2085,1.7647,3.1744,3.2455
2.5225,0.2320,-4.5683,4.4822,-1.8114,-3.6661,3.8091
0.4808,2.1186,-1.9225,1.9996,-0.8654,-1.5657,2.3584
2.9271,-0.6522,-3.3420,3.9206,0.5823,3.1626,-2.7727
2.8814,-1.3176,-1.5830,3.6300,-1.8579,3.3178,-3.6830
1.9312,0.4356,-2.4014,-3.3102,-0.3398,2.2553,3.2134
2.4945,0.2923,-3.9444,5.0144,-0.2721,-3.3110,3.9741
6.2039,-0.9180,-3.3452,-2.5136,0.4983,3.7488,2.0601
0.9447,1.4062,-5.1929,2.0956,0.4775,2.7693,-2.4945
3.0470,-0.8037,-4.0048,-2.0894,-0.5487,3.1472,3.3426
0.8930,-0.4073,-2.6967,-0.5845,-0.5471,4.4700,4.2651
-0.4629,1.2908,-1.8755,-2.6427,-0.4749,2.8581,4.3540
3.3001,-1.2583,-4.5348,-3.9177,2.8613,3.5489,3.2997
2.8052,0.0270,2.9651,4.5186,0.5738,-4.6430,-4.4460
0.6492,-0.2497,-2.8134,2.9486,-1.2690,-0.7386,2.0667
5.9073,0.1273,-3.3161,-3.5451,1.2302,2.4835,1.5922
4.8490,0.7026,-4.2857,3.3671,0.9421,-4.1613,3.1781
2.5833,-0.4273,-3.5170,3.5215,-0.8340,-2.0267,2.4163
3.1858,0.2953,-3.2755,-3.0096,0.0287,3.2149,3.0999
2.5256,-0.0096,-2.1626,-0.8318,-0.9809,3.5608,3.5543
3.0873,-0.8063,-3.1920,-3.7113,0.0795,4.1410,3.2714
2.5184,1.8659,-4.1860,5.0992,-0.0533,-3.0516,3.6472
1.6894,0.0781,-3.4334,2.8473,-0.1298,2.7035,-3.2408
0.0952,-0.2102,-1.3376,-3.3936,0.1314,1.4410,3.4066
3.7499,-0.6258,-4.5266,2.9721,-0.5683,-3.8134,3.0119
4.0977,-0.5995,-2.9605,3.1658,0.3735,3.1734,-2.1787
4.0457,-0.5820,3.5574,4.2511,1.2618,-4.0711,-3.9148
3.3649,-0.2846,-4.8009,1.9824,0.4269,5.3305,-1.3218
6.4300,-0.3197,-5.3135,-4.8968,-1.2756,4.3074,2.2837
4.6040,0.0523,-3.1035,-1.2418,-1.4411,3.8789,2.3989
0.8537,0.5136,-4.1479,4.3333,-0.6099,4.1881,-2.6796
3.2129,-2.7179,-3.2540,1.1772,0.2483,2.5543,3.1165
2.2813,-0.3532,-0.5872,0.7207,0.1415,-1.3490,1.7765
3.8732,1.1267,2.7009,4.3977,1.2899,-0.4852,-2.1986
0.7016,-0.0697,-1.9561,-2.3337,1.0399,1.9685,3.6913
2.9939,1.1503,-3.4955,-3.7285,-0.2877,4.3528,3.3798
2.6648,-1.5605,-2.8453,2.2711,0.1098,-2.4852,2.4782
5.1363,-0.4099,3.6736,4.2304,-0.8865,-1.7787,-3.8240
3.6933,-1.0928,3.3662,4.2560,2.0785,-3.9764,-4.8090
2.7190,0.5185,-4.0292,2.0219,2.1843,-0.9025,0.8872
4.3916,1.3273,-3.4800,4.6254,-0.1359,-5.6744,5.4821
6.8624,-1.2469,-4.0657,-2.4853,1.4218,4.1759,1.8673
2.8110,-0.2459,-4.1799,5.0463,-1.1085,-3.5198,3.9856
2.4202,0.2260,-3.0315,1.3703,-1.1219,4.9192,-1.8815
2.0297,-0.4265,-3.2388,-2.8185,-0.7792,2.6498,3.4260
0.3398,-0.6726,-3.2628,-2.0988,0.4968,3.2844,4.2528
1.5564,-0.0949,-3.0678,-1.3538,-1.0605,3.6262,3.8243
3.3977,-0.2812,-3.1148,-3.2822,-0.9099,3.4993,3.0587
3.3301,-1.4007,3.9331,1.9328,-0.0191,-3.9706,-2.8892
4.3529,-1.3667,-2.9260,2.2001,0.2822,-3.4284,2.4143
0.2494,0.5401,-3.6172,-5.1387,0.6482,3.0563,4.3457
3.2168,-0.1049,-1.1897,-5.3804,-0.5849,0.6272,1.9078
2.4859,-1.5363,-3.6586,-4.3416,-0.2970,2.9483,3.3642
2.4823,0.0405,-4.0850,-2.1765,-1.8249,4.2878,3.6372
-0.2985,-0.1784,-1.7602,-4.1431,-1.5976,1.7122,3.9967
2.6391,1.8109,-2.9125,-2.5474,-0.3513,1.8942,2.9806
5.5501,1.0565,-2.5187,2.1813,-0.0960,-5.0432,3.5289
2.8427,-0.6558,-5.0960,1.3859,0.5759,2.8098,-1.4491
4.0401,0.2772,3.5805,3.1901,-0.4440,-2.4952,-3.0887
3.6125,1.4084,-4.5170,4.5362,0.0438,-3.6615,3.6113
2.4877,-1.1873,-2.5800,-4.6513,-0.8731,2.7392,2.8427
2.6213,-0.3776,-3.3307,5.0229,0.1758,-3.6522,4.6021
3.4607,-0.5586,-1.8485,4.0179,-0.1237,4.9621,-2.2315
2.1753,-1.5387,-1.3462,1.0832,-0.1369,-2.4593,2.5728
1.6504,-0.2678,-5.6138,4.2113,-0.7295,1.9533,-2.5126
4.4833,-0.8978,-3.9913,3.3130,-2.4412,-3.6567,3.1027
1.5640,0.1924,-3.7795,-3.4833,0.7140,3.7119,3.9888
2.8264,-0.1125,-4.5114,0.9042,1.5790,5.6460,-0.7578
1.5013,-0.4884,-4.0842,-2.2719,0.5183,4.6122,4.3838
1.6536,1.3657,-3.7610,-1.2339,-0.6031,3.9883,3.8861
2.3748,-1.0015,-4.0829,1.6322,0.1179,2.8202,-2.5140
3.3641,0.5967,-3.8464,5.5309,-1.0137,2.6244,-2.9331
2.6124,-0.9669,-1.2869,1.2334,1.6424,-3.1252,3.0676
2.9562,-0.2478,0.1633,0.2767,-2.0750,-2.9341,2.9132
1.0560,-0.1675,-3.7699,-2.9425,-1.8824,3.0190,4.0249
3.6057,0.1396,-2.7985,-5.4006,-0.8869,3.6751,2.6858
2.7535,-0.0152,-4.1833,-1.6999,-2.3834,3.1016,3.3644
4.6001,-0.2641,-2.7558,-1.4658,0.6539,3.8251,2.4457
2.9967,-0.3424,-2.4110,2.5620,0.2255,-2.4189,2.6072
5.2837,1.2655,-3.7472,-3.4377,-0.0025,4.0223,2.4664
0.8567,0.8640,-3.3198,2.8608,-2.2121,-2.2698,3.1132
1.8567,-1.9231,-3.1381,-3.8610,0.0403,2.9343,3.2466
1.6189,0.9006,-1.6305,-2.6972,0.1295,2.6566,3.2804
0.3921,-1.6831,-2.6337,-3.3644,0.4488,4.2972,4.4429
1.0780,1.3613,2.3814,1.6236,0.0088,-4.0463,-2.4229
0.1812,-0.5830,-2.4598,-3.1159,0.9570,1.4310,3.8845
1.0743,-0.2319,-3.3331,4.8871,0.9858,-2.3635,4.1487
3.5567,-1.5582,0.6418,4.1124,0.5753,1.3707,-6.5427
2.5862,0.0502,-3.0265,1.3768,-0.0109,4.5591,-2.4655
3.5483,-1.0124,-2.6560,-4.8575,-0.8163,2.6236,2.5196
4.1524,-0.1477,-4.9436,5.4093,2.8366,-4.8664,4.6222
5.5465,0.0720,-1.3095,1.1193,1.5398,-5.1965,3.4271
3.4922,2.0839,-0.9685,1.0138,-0.3329,-3.7837,3.1305
3.0372,-1.5328,-4.1653,-6.2980,-0.0170,4.2580,3.2394
2.3083,-0.3949,-4.4045,-2.6888,1.4627,3.1198,3.7378
5.0587,-1.4178,-0.7563,0.9394,1.0120,-4.0632,2.7827
4.5524,-0.3248,-4.3667,-3.8109,0.7438,4.1455,2.8476
2.9288,-0.6822,-2.8959,-5.3780,0.2796,3.4194,2.7020
3.1098,0.0646,-2.4975,-1.7340,0.7256,2.2448,2.6708
3.4616,-0.2984,-3.4764,-1.6090,-0.6851,2.2243,2.7144
1.2310,0.0922,-0.9653,-2.0697,-0.0883,0.0160,2.9554
4.2539,0.0179,-2.3131,-3.0629,0.3297,2.2178,2.0641
4.1754,0.0541,-2.9832,2.0283,0.5342,-3.0692,2.1276
2.9664,-0.6532,-2.7578,-2.4546,0.8138,3.0066,2.8143
2.9224,0.0100,-3.8888,-2.6164,-0.9108,4.8473,3.4875
1.8906,1.3131,1.4299,4.3662,-1.1283,-1.3370,-2.0874
6.6921,-0.1350,5.2122,4.7880,-0.4008,-3.7199,-4.8128
2.4753,-0.4706,-2.2405,4.7038,-0.9522,2.1719,-4.0158
3.3563,-0.2631,-2.2724,-6.3862,0.3857,1.9244,2.2859
1.5964,-1.2399,-1.2322,-4.0251,0.9408,1.6167,2.9791
1.4276,-0.5595,-5.1711,3.4780,-1.6357,2.6276,-1.6592
4.1258,-1.4522,4.5212,3.3509,-0.4170,-5.1590,-4.7529
2.9108,-1.7476,-2.3463,1.5763,-0.2563,-2.3633,1.8112
0.1587,-0.3386,-3.9818,-3.0450,-2.9427,4.9058,5.0634
4.1687,-0.0649,-3.3690,-6.6384,-0.7271,3.6120,2.5480
0.7333,0.8026,-1.7556,-3.2935,-1.5125,3.2881,3.9535
2.6259,0.8032,-0.6853,-3.9570,1.1262,0.5739,2.0446
5.0467,0.7983,-1.1723,2.6687,1.6069,3.2918,-2.5548
6.4130,-0.1297,-5.1486,-4.2383,1.1009,5.2043,2.2225
3.1852,-0.5688,-1.6194,-0.0369,-1.1754,3.7907,-3.6051
3.7287,1.0691,-2.5754,-2.3372,0.2981,2.2713,2.3178
1.9181,1.3132,-2.9691,6.6678,-0.0241,1.4257,-5.1298
1.9276,0.0173,-3.9841,-1.8561,-0.5635,3.8501,4.0175
1.5199,2.1411,-3.3282,3.1984,0.0615,-2.6437,3.6562
2.7053,-0.2192,-3.6194,-4.2913,-0.0189,4.4363,3.5046
4.7520,0.0778,-3.6257,2.6451,-0.3443,5.0709,-1.5927
3.2462,-1.7524,-2.4156,2.3324,0.5310,-2.9345,2.4770
3.4847,1.5097,-3.5247,-3.7504,-0.1054,2.8608,2.7830
3.5156,2.2197,-2.9839,5.3020,0.2342,1.7783,-3.8662
1.5900,1.6985,-2.4957,-4.6475,-0.9793,2.5931,3.4713
5.6025,-0.8588,-2.4040,-4.5857,-1.2964,2.4875,1.3336
0.9228,-1.1834,-3.8162,-3.2296,1.2219,5.5950,4.7571
2.5207,0.3479,2.7838,0.4648,-1.5176,-2.6125,-3.0677
3.9179,-1.9258,-6.6388,3.4370,1.6601,4.7009,0.3007
1.9168,0.7199,-2.2135,4.3140,-1.6096,2.9922,-4.5303
3.8067,-0.7044,-2.7907,-1.7907,0.3107,3.0083,2.6992
0.0405,0.7856,-2.4809,-5.0070,-0.2921,1.5910,3.8871
4.8313,0.0863,-0.9614,1.2367,0.1391,-4.1164,2.8231
0.8796,0.1006,-2.4495,-3.3670,-0.2429,2.2069,3.4698
4.7245,1.2488,-3.6987,2.9430,1.2118,-4.4769,3.3875
6.3707,-0.0451,-3.1140,-1.0099,0.2428,2.0262,1.3020
0.8797,-1.6104,-2.9424,-1.4722,-0.2909,3.3496,3.9330
1.6781,0.1431,-3.5800,3.7172,-1.3353,-1.8682,2.6415
4.4069,-0.1547,4.1936,3.7117,-0.6721,-3.2905,-2.9537
3.2293,-2.1822,-2.5501,-1.3050,-0.7375,3.6352,2.8966
4.5430,0.2648,-3.3404,2.6091,0.0726,4.0770,-1.7885
2.4247,0.4145,-3.4719,-4.9058,-0.0312,2.7843,3.3823
-1.2143,-0.8233,0.2133,0.4929,0.7890,-1.8852,-1.3941
3.9048,-0.7660,2.9996,3.7741,-0.6865,-1.9008,-3.7644
1.3582,-0.1123,-1.2957,2.2417,1.4864,-1.1727,2.5671
3.0555,1.2297,-1.9077,-3.6267,-1.5444,1.9202,2.1805
3.6370,1.4705,3.0304,3.6468,0.0401,-1.8494,-2.9657
4.0489,-1.4651,-3.5773,-4.0533,2.0312,4.7181,2.9693
1.3809,0.0643,2.1974,1.5844,-0.7476,-2.5255,-2.0117
1.8139,-1.2444,1.9352,4.0237,1.8818,-3.2628,-3.4811
3.1782,-0.8401,-2.2206,-0.0113,-0.0443,1.7365,-3.9475
3.7706,-0.5164,-4.5775,2.7860,-0.7959,3.4052,-1.5415
3.2934,-0.6025,-3.4640,-1.8928,-1.4546,4.5689,3.5144
2.9738,-0.1971,-2.5358,-3.3524,1.2602,1.7743,2.7098
1.6266,1.5652,-3.6746,-2.1523,1.1957,4.1435,3.8529
3.2125,-1.0311,-5.2329,2.6809,0.8156,4.2219,-0.8273
4.5277,0.6867,-2.7937,-3.0961,-1.6380,2.3112,2.2803
4.5271,0.5266,-2.4629,-4.3433,-1.6043,3.1663,2.3313
4.4226,-0.9166,0.4091,4.9616,0.3624,3.5325,-4.1698
3.0805,-0.8731,-0.6586,3.2970,-0.3708,3.9238,-4.7114
3.1170,-0.1738,-1.6162,-3.3019,0.2519,2.1118,2.6440
1.7452,1.0263,-0.9333,-3.6827,1.9726,3.0620,3.0971
3.5232,-0.4579,-1.9460,2.7193,0.8297,2.9068,-3.1691
3.0863,-0.9265,-2.9545,-4.6803,-0.7070,2.0772,2.8554
3.0387,-0.8273,-2.6423,-3.0962,0.5808,3.2227,3.1284
4.3934,1.3742,-2.5643,3.1675,-0.8239,-4.2951,3.6717
3.7647,-1.0909,-3.0089,0.7489,-0.4640,2.3582,-3.2705
1.7641,-0.6797,-4.3576,6.2996,0.5413,3.9972,-2.0486
4.5425,2.4997,4.2628,0.9736,-0.8799,-1.5530,-1.3617
2.6368,0.1099,-3.8077,3.3476,0.2095,2.8593,-3.1636
2.3834,-0.3576,-4.5784,-1.6324,-0.9592,4.5473,3.9207
3.0677,-1.5840,-1.0205,0.5400,-0.4046,-3.4520,3.3804
3.6314,0.0175,-1.0824,-3.3389,-1.4520,1.4678,1.9502
4.5711,1.1249,-2.9704,-3.9469,-0.0910,2.3634,1.9929
2.5711,-0.5955,2.5892,4.2743,-0.5839,-3.4358,-3.2415
4.8813,-0.1833,-2.8298,1.9560,0.3507,-3.9014,2.5014
4.2090,0.5452,-4.4706,0.1646,-0.9352,4.6708,3.2512
2.9115,0.3916,-3.3949,-3.3965,1.6411,3.6300,3.0202
4.5623,-0.0005,2.4644,6.6277,-1.0384,-1.1434,-3.7092
3.5933,-0.8715,-5.1269,-1.5248,-1.0869,4.1856,3.2917
5.6100,0.9273,-5.0627,-1.6964,-0.6850,3.1557,2.5095
0.7072,0.0956,-6.4831,1.9353,-2.9016,2.6380,-1.6476
4.1309,0.8731,-1.9017,1.1027,-1.5746,-2.7250,2.1787
0.7973,0.3615,-5.1631,5.4296,-1.0022,-2.1855,3.6955
1.1676,0.3790,-2.5374,-3.6425,-0.7426,1.9249,3.2417
3.8228,1.8852,3.2072,2.7796,-0.3412,-2.1403,-3.8804
1.4902,0.5609,-2.0420,2.0497,1.8399,-1.2831,2.0950
0.7550,1.3006,-2.4440,-3.4889,-0.6602,3.5417,4.1400
3.5909,0.1786,-1.3326,2.3316,0.7081,2.9011,-4.3817
1.2694,-0.5641,1.6448,3.8283,0.2695,-3.5068,-3.7274
3.1935,0.1394,-1.0798,2.3359,-1.0839,1.0003,-4.3929
3.4479,0.9875,-1.6686,3.7560,-2.2591,3.4296,-2.9445
0.8154,-1.4403,-4.3154,-1.9096,1.5660,3.7772,4.5895
4.8458,-0.1486,-4.6082,-5.5941,-2.1571,5.8099,2.9379
5.4959,0.8637,-4.2637,-1.3255,-0.6115,3.2897,2.3666
4.2407,0.2601,-2.5879,-6.6461,-1.6834,3.1251,2.1613
2.8794,-0.4190,-2.9471,-3.2281,0.5045,0.8871,2.4587
0.2248,0.3398,-1.4298,1.3051,1.4609,-0.5763,1.6878
2.1877,0.6105,-2.7671,1.7126,-1.0067,-2.0873,1.8198
2.2447,-1.1049,2.1676,3.2270,-1.2764,-1.5933,-2.0526
2.3831,0.5026,-2.3373,-1.7371,1.0627,2.0888,2.9643
1.8344,1.4361,-4.0641,-1.2588,-1.9035,5.1281,4.2570
1.3492,-1.4693,-3.0270,-1.4201,0.8974,3.2068,3.6571
3.1644,-0.1450,-5.1939,2.7549,1.4844,4.7676,-0.7149
1.5258,1.3690,-3.3600,-2.4202,-1.9186,2.0655,3.5198
0.2076,-0.5529,-3.4051,-3.6122,-0.1106,2.1902,4.0500
1.2026,-0.4028,-5.8597,1.0043,-0.0174,1.8513,-2.2844
3.7378,0.4258,-3.9034,4.0883,1.4272,1.2156,-2.0531
4.0307,-1.9711,-5.5692,5.2088,0.2273,-4.4078,4.2439
4.6236,-0.6462,-2.9417,1.5660,-0.7187,2.9586,-2.3855
3.4874,-1.3336,-3.9630,4.4034,-0.6217,-4.1684,4.3648
4.1154,0.6179,-2.9308,-4.4393,-1.1007,3.3033,2.3199
2.4569,0.5563,-4.0703,4.3854,3.1745,2.8951,-3.2851
5.4734,1.2834,-0.4262,-2.4568,-1.9909,0.5101,0.8033
2.9877,-0.0454,-2.8210,-3.5884,-1.2742,3.2101,3.0737
0.8817,0.9489,-4.6466,-4.0897,-0.6249,4.3824,4.3777
2.3152,0.3718,2.3753,4.7559,-0.5740,-4.4715,-5.4410
1.6893,-0.5558,-3.1608,3.9483,-1.0990,2.4735,-3.9915
0.4841,-1.8591,-1.6171,-2.6131,-0.0250,1.9502,3.5787
5.8468,-1.7575,-4.0909,-2.7551,-0.2309,5.3680,2.5309
3.7451,-0.0541,-1.4054,-2.2422,-0.0535,2.2494,2.3991
5.1253,0.5273,-1.4258,-2.9564,1.3198,1.3882,1.4587
4.4008,0.7041,-1.9752,-2.5798,-1.3853,1.1853,1.6465
3.5841,0.7240,-2.7474,-1.6996,-0.0508,4.6408,3.1321
2.3729,0.8806,-3.8672,2.2198,0.7659,2.4203,-2.7766
1.1358,-0.2192,1.2878,2.5630,0.3657,-0.7883,-1.1892
3.4912,-0.8783,-6.5786,5.7942,1.3559,-3.0226,2.9970
3.8337,-0.9288,-3.6032,-2.5701,-0.8931,4.2155,3.1277
3.4924,0.1734,-2.7780,3.4979,-0.2574,5.1397,-2.3373
2.5227,-2.4040,0.6363,0.5660,-1.7491,-2.3557,2.3606
3.0282,-0.4393,-1.8336,-2.8760,1.0587,2.1335,2.8642
1.7110,1.2356,2.4746,2.3253,-0.0661,-3.7124,-2.0782
4.6311,0.5731,-3.5102,-3.5009,-0.7188,2.3609,2.0112
3.2213,0.7303,-3.2366,1.9261,0.0731,-2.1359,1.7561
1.2720,0.5383,-2.0104,-1.1150,-1.4795,1.7242,3.3047
5.3917,-1.0954,-3.9330,-3.9797,1.2094,3.1028,2.3929
4.0193,0.2851,-4.5486,-2.2022,-1.8041,5.0792,3.5162
3.0909,0.7749,-2.6822,2.2458,-0.2876,-2.5959,2.5622
4.4578,1.6226,-2.8930,-2.7051,-0.1414,2.8995,2.3526
5.4770,-0.3015,-4.3031,-1.4269,0.3592,4.2266,2.5180
1.3182,-0.9443,-3.5281,-3.3758,-0.2379,2.7337,3.8682
1.2942,-1.7897,-2.7446,3.0875,0.0998,-2.6964,3.6065
3.5423,-0.2390,-4.8312,-0.3527,0.7394,3.9852,3.5656
4.4635,-0.8793,-3.6831,-4.5588,-0.8543,4.7833,2.5908
2.8739,-0.7114,2.0387,5.6845,-1.4538,-2.7619,-4.0163
1.7702,1.5940,-3.0031,2.2033,-1.1407,2.1434,-3.6381
2.0229,-0.7072,2.3483,1.2875,-0.4989,-2.5140,-2.1148
4.1901,1.5169,-3.1835,-3.4885,0.7753,3.9460,2.7017
3.4285,-0.2362,-1.9208,-3.6763,0.3191,2.1516,2.2805
2.5567,-0.2409,-2.2433,-2.9693,-0.1207,2.3995,2.9234
0.6184,-0.1202,-2.7978,2.9109,1.4733,-1.3781,2.5055
2.5500,0.0018,-3.2719,-3.1638,0.2698,4.1782,3.4444
4.5596,-1.6227,-5.1835,-2.1055,0.6714,4.7711,3.0692
3.3442,-1.5694,-4.1511,-2.3684,-0.8800,1.9592,3.0190
4.1315,1.0483,-2.1384,-3.9680,-0.4644,1.4360,1.8831
2.6305,0.5342,-1.6768,1.6992,0.4465,-2.9541,3.0128
2.7085,-0.3064,-3.7171,7.1860,0.0610,1.5789,-3.8183
3.0891,1.0981,-5.1035,1.6370,0.0695,3.7759,-0.7567
3.8731,1.4664,-2.4517,-4.2928,0.7977,1.0134,2.0412
3.0972,1.1775,-0.9846,2.4195,0.4780,-4.3616,4.2972
1.9855,-0.1536,2.0606,4.7317,0.7916,-4.1412,-4.4094
0.6157,0.3857,-1.0879,-2.2116,-1.0011,1.0581,3.2267
2.1651,-1.6056,-1.9141,-1.7109,0.7524,3.1496,2.9721
2.9659,-1.0201,-1.4738,4.0766,0.9033,1.3914,-5.3824
3.8477,-0.1957,-4.8865,-1.6677,-0.0649,4.7836,3.4793
1.4451,-0.0590,-1.2300,-4.0353,1.1635,1.2398,2.8146
3.8568,-0.9513,-1.1121,1.7999,-0.7392,4.8615,-2.5085
4.7433,0.5724,-2.0693,3.8052,1.1861,3.3951,-3.0479
4.4717,1.1783,-2.1423,-3.3102,0.6058,3.2011,2.1076
4.0369,-0.0933,-1.5048,0.9088,1.7388,2.8602,-3.3419
2.8248,1.0119,-1.9656,3.4263,0.6897,3.7397,-4.5408
3.4410,0.1267,-1.1977,1.7365,-1.2941,-4.6855,4.0391
2.4907,-0.4189,-2.5469,2.9288,0.8946,3.0643,-3.5810
2.6904,-0.6501,-1.7568,-3.4303,-1.4754,1.4223,2.6086
1.3267,-1.1949,1.5843,2.7141,0.7714,-3.1231,-3.4639
3.0512,0.7139,3.7028,-0.9819,0.1463,-0.9089,-0.4253
2.1316,-1.4542,-2.4193,1.5661,0.7231,-1.6408,1.8241
2.2081,-0.5565,-3.1089,2.9506,1.6417,1.6225,-3.8417
2.7431,-0.7419,-2.2716,1.3096,-0.6632,-2.0856,1.5596
3.5683,0.5935,-3.3122,3.2297,0.0509,3.5379,-2.0127
4.1602,-1.1124,-4.4690,-2.5994,-0.6479,3.8442,3.0471
1.8525,0.3823,0.0216,0.8872,0.1822,-1.7007,1.9473
3.7026,-0.4801,-2.9519,-0.5147,-0.3204,2.3808,2.6196
3.5176,-0.4722,3.2271,3.7046,-0.3733,-1.9635,-2.4604
2.8740,1.2617,-0.7944,1.5616,-0.7591,-2.4499,2.6811
4.1050,-1.8495,-2.7197,-0.9652,1.8910,3.2806,2.5106
2.9258,0.1704,-1.3092,3.6330,0.6437,2.7055,-3.4929
4.7197,0.4264,-4.5944,-3.0247,-0.2800,3.4191,2.6739
3.5411,-1.0594,-2.4470,1.2566,1.6690,-2.5772,2.1497
3.2812,-0.9450,-0.2374,4.1778,-2.1492,3.4963,-5.0586
1.4175,-1.1932,-2.1679,-3.9272,-1.7910,1.9634,3.2878
2.5457,-0.2387,-3.1997,-0.4198,1.3578,2.0295,3.0519
3.7365,0.5731,-3.6727,-2.4508,-0.2069,2.7488,2.8283
3.6993,-0.3841,-3.0205,2.9944,-0.0041,3.0925,-2.7446
1.9460,0.5939,-4.0055,-1.5196,0.8417,3.4420,3.8682
6.4734,0.1248,-2.8621,-2.7227,-1.6318,2.3463,1.2224
0.9550,-0.2655,-3.4411,-2.0862,-0.3503,3.1806,3.8739
3.7766,3.1324,3.4955,4.1462,1.4844,-2.9792,-2.8795
4.3235,-0.3085,4.1739,5.8053,1.0472,-5.5791,-4.8380
4.3602,-0.7153,-4.0075,-5.9620,0.6869,4.4571,2.7454
2.7835,-1.5545,-4.0148,-2.0690,-0.9026,4.9159,3.8612
0.1180,0.8256,-2.5149,2.6579,-0.9238,-1.2412,2.2593
5.3055,0.3225,-0.1376,2.4999,-0.4912,4.1915,-3.2496
2.8438,-1.5590,-3.6871,1.5200,0.7336,-0.7427,0.2823
3.9869,-0.8524,-4.7591,-0.8659,-1.2215,4.2218,3.4037
2.3986,0.3519,2.2499,2.2165,0.2528,-0.8709,-1.9733
5.1917,-0.4081,-1.3125,2.0782,0.9678,-5.2995,4.1432
3.9062,-0.2564,-3.9655,-3.3193,1.0884,5.1489,3.3955
2.8685,0.7837,-3.3462,-0.8889,0.1006,2.2486,2.8552
3.0244,1.0421,-3.7224,-3.4497,1.0008,3.1010,3.0082
1.0950,-0.3223,-2.2037,-4.2640,0.7311,0.9078,3.1372
5.0163,0.6031,-3.7301,-4.7093,-0.0984,2.7759,2.0431
3.1839,-0.7434,-4.3959,-2.4478,1.1805,4.9088,3.6228
3.5061,0.3937,-2.8439,1.5671,0.5365,4.1247,-1.9237
2.0608,1.1408,-1.2238,-2.6248,-1.6123,1.0049,2.6516
2.9089,0.2736,-3.5717,-4.7780,-0.2642,4.0661,3.1557
5.1274,0.1972,-3.7079,-5.6630,-0.1344,4.2814,2.4052
3.2389,-0.6229,-2.9585,1.7908,-0.6100,4.0013,-2.8996
3.9871,-0.3001,3.8534,3.2249,-1.3591,-3.0860,-3.7911
2.0348,0.2844,-3.8272,-3.2226,0.5237,3.4557,3.5202
4.9749,0.1875,-1.5601,-4.3108,0.3034,0.4410,1.1938
2.5489,-0.3272,-2.8192,-2.7572,-1.0223,3.1043,3.2645
5.6611,0.2641,-4.1830,-3.4939,-1.2720,3.6617,2.3500
3.2957,1.2001,-4.8976,4.8447,0.5546,3.3707,-1.1761
1.3288,-0.6959,-2.6064,-3.1516,0.8830,2.4540,3.5886
2.8559,-0.5725,-5.3097,1.8900,0.3546,2.5820,-1.3368
0.9908,-0.8573,-2.4993,-2.6924,0.6136,3.5497,3.8288
2.5192,0.3207,-3.3852,4.0074,-1.7464,2.8999,-3.0291
1.1134,1.3984,-1.1275,1.1668,0.4297,-2.4330,2.9058
1.2646,2.3443,-2.5316,-2.9712,0.3947,2.3866,3.5847
4.2192,0.4269,-3.3754,1.5978,-0.8364,2.6427,-2.0622
1.8763,0.0604,2.0941,2.3064,-0.3931,-0.9256,-1.0188
4.2484,-1.8672,-3.1327,-3.1043,1.0581,2.9379,2.5137
4.1773,0.7748,-3.1296,-2.1309,-0.3339,3.0557,2.5113
3.9499,-0.2537,-3.5560,-2.2304,0.2565,1.3294,2.5275
1.6473,-0.6676,-2.7387,-2.4201,-0.4016,2.5152,3.5991
5.3145,-0.0306,-5.1535,-4.8151,1.1584,5.5783,2.9775
2.6578,1.4910,-1.9683,-4.3123,1.1180,1.3762,2.6461
2.2087,-1.9878,-3.4318,3.7169,0.1970,3.7622,-3.0242
3.6470,-0.8854,3.2208,4.5910,1.7445,-4.1053,-3.9602
3.4540,0.8199,-4.3300,-4.5724,-1.5848,4.7919,3.4244
2.4393,-0.1550,-1.4994,-2.1855,-1.3495,0.2305,2.4303
2.5102,-0.6616,1.6378,7.5061,0.4787,-4.3280,-5.8916
4.6930,0.8377,-3.8144,-3.6027,-2.4472,3.1694,2.3337
1.8581,-1.1130,-4.9251,6.7242,1.1622,-3.9403,5.2241
2.2934,0.8299,-4.4662,0.7197,-0.4544,5.3136,-0.9046
5.7672,-0.8176,-5.3347,-2.7308,1.9117,6.9722,3.0075
-0.8243,0.9741,-4.3521,-2.7165,0.7075,4.5706,5.5793
2.0407,-2.2633,-3.2037,-0.6996,0.8557,2.5792,3.2691
4.2339,0.4421,3.5340,4.6021,-1.2359,-4.3796,-5.4356
6.2352,0.6924,-5.4378,-4.1749,0.5929,5.2333,2.3888
2.8884,0.2247,2.6902,2.9880,0.3341,-2.2658,-2.4611
3.5613,-0.3856,-3.1178,1.9001,1.0298,4.5928,-1.9449
2.7571,-0.6291,-2.8786,-3.6581,-0.4831,2.4670,3.0539
-0.3052,0.0860,-1.1725,-3.3402,-2.1007,2.1517,4.0130
3.3347,-1.8600,-2.2032,-5.7855,-1.7252,4.3051,2.6532
2.3406,-0.9033,-0.9269,0.6633,-0.7522,-2.1465,2.1472
2.8968,-1.3165,-2.1313,3.6930,1.7419,-3.6549,3.8863
2.7409,0.7803,-3.0673,5.4786,-0.3405,-4.4277,5.2862
1.6043,-0.9239,-2.8779,1.8133,-0.2776,-1.8943,2.2140
1.5157,0.8223,-2.4906,-1.2326,-0.5887,0.7433,3.1607
3.5519,0.1421,-2.5967,-2.9461,0.4915,3.5858,2.7969
3.3305,-0.8407,-2.9770,-3.8619,0.7436,4.2747,2.9796
4.9035,0.7800,-3.4831,-3.7121,-0.2853,3.1486,2.3451
4.4217,-0.9749,-3.1383,3.5471,0.1402,-4.6016,4.0135
2.1358,-0.5504,-2.7568,0.1634,0.5898,3.0992,-2.8445
4.2436,-0.6766,-1.7513,-2.3654,-0.8207,2.6240,2.1925
2.0434,1.9854,-4.2187,-1.6786,1.1050,5.0535,4.3206
5.1542,-2.5327,-3.3292,-2.9029,-2.8871,2.5496,2.0158
3.8407,0.6992,-1.8701,1.9844,-0.1468,-3.4016,2.6644
3.7387,-0.0708,-3.2846,-0.0452,-0.5278,2.3507,2.8087
0.9124,0.6215,-2.7362,2.6602,-0.6263,-2.0650,2.6355
1.7016,1.7808,-2.7489,3.2078,-0.2645,-3.1123,4.1577
4.2448,-0.9753,-4.4181,-2.1211,1.4506,4.3937,2.9582
1.7156,0.7615,-1.5573,-3.9107,0.3662,1.6773,3.0518
2.7361,0.1025,-3.1089,-2.5459,-1.7793,2.2407,3.1550
3.1460,0.1041,3.3476,1.7334,-0.4224,-2.7131,-2.5731
2.5091,2.7911,-4.4319,3.9228,0.8121,2.9622,-2.0353
2.3308,-0.8761,-5.7446,2.5825,0.4559,3.4028,-1.4783
5.4652,-1.0256,5.3198,4.2482,-0.6968,-5.9750,-5.1568
3.2336,-0.6429,-2.8674,-1.3153,1.1104,4.1688,3.2359
3.5606,1.1288,-2.0938,-5.7676,-0.2429,3.9313,2.4347
2.5257,-0.0970,-3.0058,-5.4933,0.7189,3.1480,3.2376
2.3622,0.9805,-3.9325,-4.0158,0.5583,4.4732,3.9011
3.4283,-0.2626,-2.6883,-2.7389,-0.6203,2.3617,2.5669
2.8510,0.8704,-1.6422,1.6289,0.6216,3.4170,-3.4670
3.2431,1.4421,-1.8676,2.3500,-0.0954,-2.9096,2.6321
1.7303,1.3683,-2.1242,-3.1323,-0.8657,4.3068,3.5417
4.2303,0.4649,-3.0122,3.7737,-0.4671,4.0298,-1.5558
5.0849,-0.9701,0.2160,0.9476,-0.2232,4.6472,-3.6147
2.5122,-0.0713,-4.2903,-3.9242,-0.4105,4.2167,3.9678
1.6096,-0.6627,-2.7242,4.3682,-0.2904,2.2634,-4.0606
4.3487,-1.5243,-4.0554,-4.3273,1.7161,3.8591,2.6910
4.4585,0.5150,-5.0601,5.2379,-0.4824,-5.3951,4.8079
1.2791,-0.5632,-3.2999,2.2007,-0.0925,3.6519,-3.4621
1.8444,-1.2007,-1.7795,2.3861,-0.7515,-2.0756,2.5909
3.4289,1.0935,-2.2854,3.0294,0.2382,-4.0979,4.1590
4.2101,-1.6562,-2.7692,1.7634,1.6077,-3.5239,2.5771
0.3048,0.6663,-2.9776,3.6321,0.6272,-2.2325,3.5358
2.9816,2.4991,-2.9230,-3.2164,-0.3848,2.5069,2.9233
1.8889,1.4672,-3.6810,-3.7779,0.4235,4.2665,3.7922
2.5567,-0.6197,-2.7865,-3.5265,-0.9529,2.5781,2.9977
4.0144,1.0834,-0.7988,3.6544,-1.2531,3.3050,-3.5855
2.9370,-0.0567,-1.2300,-4.5686,0.4840,2.9359,2.3890
4.0172,0.7336,2.7108,3.2860,-0.1152,-0.4659,-1.4367
1.4592,-0.7851,-3.5905,4.9593,-2.0390,-1.8360,3.0777
1.3407,-1.3024,-2.4741,-1.5743,0.9036,2.2822,3.3971
3.4797,-0.1840,-3.0386,2.8866,-0.6212,-2.9945,2.9786
2.1519,-0.4891,-1.5889,-1.8039,-0.4801,0.5007,2.5136
-0.2980,0.2540,-4.0107,-1.9364,0.2406,4.5620,5.3808
2.4983,1.5363,-2.5968,-3.0631,-0.5260,2.5409,3.0247
3.6506,0.4273,-2.4361,2.9191,-0.3584,3.2203,-2.8064
5.6535,1.5295,-2.2922,-1.0394,-0.9662,1.3510,1.5117
2.3448,-0.4087,-2.8489,4.2094,0.1089,-3.1221,3.5172
2.2289,1.9607,-2.6854,4.2049,-0.2763,-3.8126,4.3720
2.6327,-0.0584,2.6629,1.5893,0.0919,-1.2414,-1.4547
3.2204,-1.5831,2.7548,5.2985,1.1961,-4.8051,-4.7041
3.8409,-1.2856,-2.8919,4.0355,-0.8596,4.1295,-2.0168
4.3723,-0.7662,-5.3683,-3.9555,-0.1969,5.7775,3.5613
2.9157,0.3759,-2.0165,2.3614,-0.4478,-3.5697,3.5293
4.4624,1.3209,-6.0917,5.3064,-0.2419,-4.2055,3.7301
0.4304,0.1711,1.1484,2.4174,2.0554,-2.8773,-2.8517
3.6767,-0.9214,-2.9003,-3.9129,-0.5099,3.3499,2.8797
4.1426,-0.5942,4.0391,3.0432,-0.5597,-3.7087,-2.5021
3.2361,0.7986,2.7510,5.8094,-1.1626,-4.2810,-4.7279
5.4474,-0.1875,-4.1043,1.8821,0.5812,-3.6474,2.1999
6.3348,2.5090,-5.4935,-2.8196,-0.8014,3.4752,2.3121
0.4660,-0.3022,-4.4078,-2.0003,0.3616,3.3107,4.6766
3.7560,-0.1599,-3.1116,1.8228,1.0912,-2.8839,2.2263
1.6630,-0.1342,-3.0469,-3.2300,-1.3051,3.2170,3.5767
2.2856,0.3619,-1.3151,-1.5479,-0.2433,1.8854,2.7511
3.8791,-0.6275,-2.0852,-2.9352,1.7916,1.8711,2.1851
2.8300,-1.1370,-4.2721,-4.2349,1.8248,3.6065,3.7265
5.4797,-0.2715,-2.6739,-1.4706,-0.9716,1.7562,1.5722
1.7497,-0.4580,-2.7593,2.5602,-0.7223,-1.9560,2.7480
-0.5449,-1.2728,1.0105,2.2567,-1.2981,-3.2778,-1.0770
3.2855,-0.6139,-3.1293,0.2247,0.1906,3.1021,2.9634
4.6672,0.8137,1.8046,2.6577,0.4297,3.9834,-4.7904
1.7993,0.3164,-3.0162,-0.6588,-1.0904,3.4436,3.7285
4.2732,-1.2342,-3.3199,-2.2231,0.5606,3.2119,2.6288
1.4447,-0.8626,-1.7996,0.9945,0.3882,-1.7000,2.0527
1.7199,0.2943,-4.3612,-5.6416,1.4627,4.4451,4.1911
0.9845,-0.2557,-3.5886,-1.8287,1.0438,2.5960,3.8678
-0.5979,0.2720,0.4662,-4.3950,-0.2495,-1.3217,2.7975
0.9949,0.6199,-2.1626,-5.3772,-0.8456,3.5355,3.6617
5.3673,1.0722,-1.9844,-6.6156,0.9397,2.8557,1.4577
2.2080,-0.4470,-2.5698,3.9964,-0.5594,2.5289,-4.6846
3.5399,-0.8836,-4.5384,-1.7939,-1.4947,4.7735,3.6448
2.8426,0.8169,-3.5941,-4.3368,-1.3547,1.2022,2.6870
3.2953,0.5144,-3.7129,3.9156,-0.8776,-3.8462,3.6060
4.7573,0.1203,-5.5002,-2.9553,-0.3841,4.6404,3.1710
2.4688,0.1472,-2.2060,0.1070,-0.8376,2.3249,2.9318
5.2485,-0.1656,-1.9056,3.2122,0.2790,-5.9474,4.8347
1.3042,-0.3586,-3.3734,3.6111,-1.0819,-1.6587,2.6167
2.4339,0.6340,-0.9485,-2.6232,0.0650,0.4973,2.4137
2.8981,-0.1435,2.4581,3.7196,1.2228,-2.0618,-3.1230
2.4870,-0.9418,-2.9709,-3.5367,2.5953,2.6374,3.2838
3.7504,-0.1583,-3.3703,4.2616,-1.5006,-3.4092,3.7076
-0.5792,0.0177,-3.8389,-5.0432,-0.5984,1.4869,4.2742
5.2524,-0.2103,-1.9692,-1.9047,-2.3832,1.6049,1.4059
3.4984,2.0974,-4.1018,-4.3368,1.1934,4.1901,3.3337
2.9253,-0.8191,-3.0817,-1.4675,0.9765,3.2432,3.2107
4.1671,-1.9675,-4.6761,4.2163,1.8299,-3.9226,3.3506
4.6588,-1.6119,-4.2572,-3.6361,-0.4091,4.2340,2.6472
4.0604,1.3620,-3.2279,-3.6717,0.7391,3.9913,2.8179
2.1589,-1.5493,-3.0425,-1.4330,0.7426,3.5455,3.5059
2.0148,1.6121,2.5377,2.8977,0.3554,-4.4693,-4.4001
3.8459,-0.4433,-1.7932,0.9873,1.0233,3.9664,-2.9564
2.1443,1.3754,-3.4094,5.6672,0.8168,3.2819,-2.9394
4.8089,1.4153,-4.6675,2.5806,-0.1627,5.4123,-0.3025
3.4819,1.0423,-4.2146,0.9889,-0.3972,3.0274,-1.5593
3.5144,-1.9836,-3.0533,-1.8723,0.3425,2.6183,2.8724
3.0647,0.1344,0.1352,2.0666,-1.4197,-4.7789,4.7865
-0.7172,-2.0050,1.2941,0.1605,-1.1698,-2.7092,-0.5164
1.6170,-0.5006,-3.4305,-3.8006,2.3725,4.4623,4.1211
2.1153,0.3027,-0.9458,2.1362,-1.3473,-2.9645,3.4813
2.1908,0.0504,-2.0326,-0.0579,-0.0868,1.2034,2.7617
3.8270,0.4802,-3.9746,-3.3020,-0.4230,4.0751,3.2533
1.9169,1.4078,2.6338,2.6727,0.1931,-3.6666,-2.3950
4.4464,0.7754,-3.2774,3.2590,-0.4499,-3.7169,3.5014
4.1915,0.2047,-4.3128,-5.2838,0.3621,3.5659,2.6748
1.4669,1.4530,-2.0891,-2.1723,0.6488,3.4896,3.7133
3.5423,-0.1398,-3.3900,-1.8596,-1.1012,3.2702,2.8572
4.8878,0.6390,4.1481,4.2131,-0.3273,-3.6155,-4.3429
5.2097,1.8425,-4.0594,-4.0457,-0.5682,2.5643,2.2950
3.4817,-1.2292,-4.7915,3.5535,0.2849,3.3539,-0.9772
3.1820,0.1569,-3.5700,-4.3277,1.0366,3.1866,2.9189
